text,created_at,lang
"ğŸ‡«ğŸ‡· Opened Box iPhone 15 pro | 128gb |  Physical + ESim FU | 88 BH | Natural Titanium | N1,090,000 â€¼ï¸

ğŸ“Computer Village, Ikeja Lagos State 
Nationwide delivery ğŸšš

Call : 09038466756

Clinton | Gyokeres | Mossad | #DoubleUp | Patel | Pam Bondi https://t.co/ZHh7Plu7P7",2025-07-07 08:49:10+00:00,en
"GM G+ 70W Travelease Pro International Universal Travel Adapter with 75mm Retractable Cable | Multi Plug Adapter with Type A &amp; C USB Port | GaN Fast Charging for Iphone 16 Pro,15,14,13 &amp; Laptop -Black
Upto 44% off
Link for you: https://t.co/su4djQPNz2 https://t.co/MJpJWo4WHP",2025-07-07 08:48:38+00:00,en
"Open to Rent / want to rent IPHONE 15 PRO MAX &amp; IPHONE 11
JAY PARK WORLD TOUR IN JAKARTA 

12 Juli âœ…

cod venueğŸ“

ğŸ’¸ price by dm 

#JayParkinJakarta #Jaypark #SerenadesAndBodyRolls_In_Jakarta #wtr #wts",2025-07-07 08:48:16+00:00,en
"If your pastor uses iPhone 15 Pro Max, remember it was your tithe that upgraded him, not divine favor.ğŸ¤·ğŸ¿ğŸ¤·ğŸ¿ ğŸ¤¡ğŸ¤¡",2025-07-07 08:36:11+00:00,en
"@albertgao I am on iPhone 15 Pro, overall quite okay, but after 5 minutes starts dropping FPS, probably doing something in the bg",2025-07-07 08:36:04+00:00,en
"Iphone 15 Pro Max 
Factory Unlocked 
Very tiny edge crack 
95% battery health 
E-sim 
256gb
N960,000

Swap deals can come in too. https://t.co/Sxopyt3ovR",2025-07-07 08:35:35+00:00,en
@makaylam445 iPhone 15 pro! These are all pretty heavily zoomed in https://t.co/KF1iYfWnAs,2025-07-07 08:30:24+00:00,en
"@Wilfreshoflyf18 @SelmaMft @mazzypopstar To replicate these vibrant, retro beach shots on your iPhone 14:

1. Shoot in Portrait mode for depth, use flash for fill light in bright sun.

2. Edit in Photos app: Brilliance +65, Highlights -20, Shadows +10, Contrast +20, Vibrance +20, Warmth +25, Tint +5, Sharpness +15,",2025-07-07 08:27:57+00:00,en
"ğŸ’ Labubu Lovers, You NEED This Phone Case!

ğŸ”— Grab yours hereâ†’ https://t.co/Scp1PkEzON /4kmWhZy

ğŸ’¸ ONLY $11.99!!!

ğŸ“± Compatible with iPhone 11/12/13/14/15/16 ding Pro &amp; Pro Max)

#Labubu #AmazonFinds #CutePhoneCase #KawaiiAesthetic #PhoneAccessories #tiktokmademebuyit https://t.co/LSAmur3BJ6",2025-07-07 08:27:57+00:00,en
@ajayrotti This 23 lacs is cheap for all couriers smugglers who fly to dubai nearly 15 times a month bringing gold iphone etx,2025-07-07 08:27:26+00:00,en
