text,created_at,lang,cleaned_text
"ğŸ‡«ğŸ‡· Opened Box iPhone 15 pro | 128gb |  Physical + ESim FU | 88 BH | Natural Titanium | N1,090,000 â€¼ï¸

ğŸ“Computer Village, Ikeja Lagos State 
Nationwide delivery ğŸšš

Call : 09038466756

Clinton | Gyokeres | Mossad | #DoubleUp | Patel | Pam Bondi https://t.co/ZHh7Plu7P7",2025-07-07,en,"opened box iphone 15 pro 128gb physical esim fu 88 bh natural titanium n1,090,000 computer village, ikeja lagos state nationwide delivery call 09038466756 clinton gyokeres mossad patel pam bondi"
"GM G+ 70W Travelease Pro International Universal Travel Adapter with 75mm Retractable Cable | Multi Plug Adapter with Type A &amp; C USB Port | GaN Fast Charging for Iphone 16 Pro,15,14,13 &amp; Laptop -Black
Upto 44% off
Link for you: https://t.co/su4djQPNz2 https://t.co/MJpJWo4WHP",2025-07-07,en,"gm g 70w travelease pro international universal travel adapter with 75mm retractable cable multi plug adapter with type a c usb port gan fast charging for iphone 16 pro,15,14,13 laptop black upto 44 off link for you"
"Open to Rent / want to rent IPHONE 15 PRO MAX &amp; IPHONE 11
JAY PARK WORLD TOUR IN JAKARTA 

12 Juli âœ…

cod venueğŸ“

ğŸ’¸ price by dm 

#JayParkinJakarta #Jaypark #SerenadesAndBodyRolls_In_Jakarta #wtr #wts",2025-07-07,en,open to rent want to rent iphone 15 pro max iphone 11 jay park world tour in jakarta 12 juli cod venue price by dm
"If your pastor uses iPhone 15 Pro Max, remember it was your tithe that upgraded him, not divine favor.ğŸ¤·ğŸ¿ğŸ¤·ğŸ¿ ğŸ¤¡ğŸ¤¡",2025-07-07,en,"if your pastor uses iphone 15 pro max, remember it was your tithe that upgraded him, not divine favor."
"@albertgao I am on iPhone 15 Pro, overall quite okay, but after 5 minutes starts dropping FPS, probably doing something in the bg",2025-07-07,en,"i am on iphone 15 pro, overall quite okay, but after 5 minutes starts dropping fps, probably doing something in the bg"
"Iphone 15 Pro Max 
Factory Unlocked 
Very tiny edge crack 
95% battery health 
E-sim 
256gb
N960,000

Swap deals can come in too. https://t.co/Sxopyt3ovR",2025-07-07,en,"iphone 15 pro max factory unlocked very tiny edge crack 95 battery health esim 256gb n960,000 swap deals can come in too."
@makaylam445 iPhone 15 pro! These are all pretty heavily zoomed in https://t.co/KF1iYfWnAs,2025-07-07,en,iphone 15 pro! these are all pretty heavily zoomed in
"@Wilfreshoflyf18 @SelmaMft @mazzypopstar To replicate these vibrant, retro beach shots on your iPhone 14:

1. Shoot in Portrait mode for depth, use flash for fill light in bright sun.

2. Edit in Photos app: Brilliance +65, Highlights -20, Shadows +10, Contrast +20, Vibrance +20, Warmth +25, Tint +5, Sharpness +15,",2025-07-07,en,"to replicate these vibrant, retro beach shots on your iphone 14 1. shoot in portrait mode for depth, use flash for fill light in bright sun. 2. edit in photos app brilliance 65, highlights 20, shadows 10, contrast 20, vibrance 20, warmth 25, tint 5, sharpness 15,"
"ğŸ’ Labubu Lovers, You NEED This Phone Case!

ğŸ”— Grab yours hereâ†’ https://t.co/Scp1PkEzON /4kmWhZy

ğŸ’¸ ONLY $11.99!!!

ğŸ“± Compatible with iPhone 11/12/13/14/15/16 ding Pro &amp; Pro Max)

#Labubu #AmazonFinds #CutePhoneCase #KawaiiAesthetic #PhoneAccessories #tiktokmademebuyit https://t.co/LSAmur3BJ6",2025-07-07,en,"labubu lovers, you need this phone case! grab yours here 4kmwhzy only 11.99!!! compatible with iphone 111213141516 ding pro pro max"
@ajayrotti This 23 lacs is cheap for all couriers smugglers who fly to dubai nearly 15 times a month bringing gold iphone etx,2025-07-07,en,this 23 lacs is cheap for all couriers smugglers who fly to dubai nearly 15 times a month bringing gold iphone etx
